id,taxon,type,value
1,01g__Candida,mpre,-0.087403434
2,02g__unknown_Saccharomycetales,mpre,2.620646767
3,03g__unknown_Fungi,mpre,5.122082719
4,04s__Candida_albicans,mpre,-0.065703271
5,05s__unknown_Saccharomycetales,mpre,2.64234693
6,05s__unknown_Fungi,mpre,5.143782882
7,06ASV_2_Candida_albicans,mpre,-0.015894443
8,07ASV_5_unknown_Saccharomycetales,mpre,2.38200083
9,08ASV_4_unknown_Fungi,mpre,5.065509922
10,09ASV_8_unknown_Fungi,mpre,-0.015894443
11,01g__Candida,mpost,3.86003979
12,02g__unknown_Saccharomycetales,mpost,-0.110252124
13,03g__unknown_Fungi,mpost,3.108623701
14,04s__Candida_albicans,mpost,3.887412731
15,05s__unknown_Saccharomycetales,mpost,-0.082879183
16,05s__unknown_Fungi,mpost,3.135996642
17,06ASV_2_Candida_albicans,mpost,-0.028432415
18,07ASV_5_unknown_Saccharomycetales,mpost,-0.028432415
19,08ASV_4_unknown_Fungi,mpost,-0.028432415
20,09ASV_8_unknown_Fungi,mpost,-0.028432415
21,01g__Candida,mpost,5.089817107
22,02g__unknown_Saccharomycetales,mpost,3.04916159
23,03g__unknown_Fungi,mpost,1.012279663
24,04s__Candida_albicans,mpost,5.111251414
25,05s__unknown_Saccharomycetales,mpost,3.070595897
26,05s__unknown_Fungi,mpost,1.03371397
27,06ASV_2_Candida_albicans,mpost,-0.012521209
28,07ASV_5_unknown_Saccharomycetales,mpost,3.122973007
29,08ASV_4_unknown_Fungi,mpost,-0.012521209
30,09ASV_8_unknown_Fungi,mpost,-0.012521209
31,01g__Candida,mpre,-0.048654173
32,02g__unknown_Saccharomycetales,mpre,-0.048654173
33,03g__unknown_Fungi,mpre,5.254650735
34,04s__Candida_albicans,mpre,-0.036574517
35,05s__unknown_Saccharomycetales,mpre,-0.036574517
36,05s__unknown_Fungi,mpre,5.266730391
37,06ASV_2_Candida_albicans,mpre,-0.017766629
38,07ASV_5_unknown_Saccharomycetales,mpre,-0.017766629
39,08ASV_4_unknown_Fungi,mpre,5.063637736
40,09ASV_8_unknown_Fungi,mpre,-0.017766629
41,01g__Candida,mpost,1.793991582
42,02g__unknown_Saccharomycetales,mpost,2.792520412
43,03g__unknown_Fungi,mpost,3.818373346
44,04s__Candida_albicans,mpost,-0.114200854
45,05s__unknown_Saccharomycetales,mpost,2.830238125
46,05s__unknown_Fungi,mpost,3.85609106
47,06ASV_2_Candida_albicans,mpost,-0.023030739
48,07ASV_5_unknown_Saccharomycetales,mpost,2.92140824
49,08ASV_4_unknown_Fungi,mpost,3.410956466
50,09ASV_8_unknown_Fungi,mpost,-0.023030739
51,01g__Candida,mpre,-0.048654173
52,02g__unknown_Saccharomycetales,mpre,-0.048654173
53,03g__unknown_Fungi,mpre,5.254650735
54,04s__Candida_albicans,mpre,-0.036574517
55,05s__unknown_Saccharomycetales,mpre,-0.036574517
56,05s__unknown_Fungi,mpre,5.266730391
57,06ASV_2_Candida_albicans,mpre,-0.016717097
58,07ASV_5_unknown_Saccharomycetales,mpre,-0.016717097
59,08ASV_4_unknown_Fungi,mpre,5.077033104
60,09ASV_8_unknown_Fungi,mpre,-0.016717097
61,01g__Candida,mpost,1.004626838
62,02g__unknown_Saccharomycetales,mpost,4.734328286
63,03g__unknown_Fungi,mpost,4.223502663
64,04s__Candida_albicans,mpost,1.027961157
65,05s__unknown_Saccharomycetales,mpost,4.757662605
66,05s__unknown_Fungi,mpost,4.246836982
67,06ASV_2_Candida_albicans,mpost,1.085881718
68,07ASV_5_unknown_Saccharomycetales,mpost,4.815583166
69,08ASV_4_unknown_Fungi,mpost,1.085881718
70,09ASV_8_unknown_Fungi,mpost,-0.012730571
71,01g__Candida,mpre,-0.048654173
72,02g__unknown_Saccharomycetales,mpre,-0.048654173
73,03g__unknown_Fungi,mpre,5.254650735
74,04s__Candida_albicans,mpre,-0.036574517
75,05s__unknown_Saccharomycetales,mpre,-0.036574517
76,05s__unknown_Fungi,mpre,5.266730391
77,06ASV_2_Candida_albicans,mpre,-0.013664487
78,07ASV_5_unknown_Saccharomycetales,mpre,-0.013664487
79,08ASV_4_unknown_Fungi,mpre,4.906316439
80,09ASV_8_unknown_Fungi,mpre,-0.013664487
81,01g__Candida,mpost,-0.075624032
82,02g__unknown_Saccharomycetales,mpost,-0.075624032
83,03g__unknown_Fungi,mpost,-0.075624032
84,04s__Candida_albicans,mpost,-0.05684841
85,05s__unknown_Saccharomycetales,mpost,-0.05684841
86,05s__unknown_Fungi,mpost,-0.05684841
87,06ASV_2_Candida_albicans,mpost,-0.012394572
88,07ASV_5_unknown_Saccharomycetales,mpost,-0.012394572
89,08ASV_4_unknown_Fungi,mpost,-0.012394572
90,09ASV_8_unknown_Fungi,mpost,-0.012394572
91,01g__Candida,mpost,-0.086332626
92,02g__unknown_Saccharomycetales,mpost,1.012279663
93,03g__unknown_Fungi,mpost,3.04916159
94,04s__Candida_albicans,mpost,-0.064898319
95,05s__unknown_Saccharomycetales,mpost,1.03371397
96,05s__unknown_Fungi,mpost,3.070595897
97,06ASV_2_Candida_albicans,mpost,-0.010065601
98,07ASV_5_unknown_Saccharomycetales,mpost,1.088546688
99,08ASV_4_unknown_Fungi,mpost,-0.010065601
100,09ASV_8_unknown_Fungi,mpost,-0.010065601
101,01g__Candida,mpre,5.234663383
102,02g__unknown_Saccharomycetales,mpre,-0.058641441
103,03g__unknown_Fungi,mpre,1.039970847
104,04s__Candida_albicans,mpre,5.249222638
105,05s__unknown_Saccharomycetales,mpre,-0.044082187
106,05s__unknown_Fungi,mpre,1.054530102
107,06ASV_2_Candida_albicans,mpre,5.287129059
108,07ASV_5_unknown_Saccharomycetales,mpre,-0.006175765
109,08ASV_4_unknown_Fungi,mpre,1.092436523
110,09ASV_8_unknown_Fungi,mpre,-0.006175765
111,01g__Candida,mpost,-0.066228529
112,02g__unknown_Saccharomycetales,mpost,-0.066228529
113,03g__unknown_Fungi,mpost,-0.066228529
114,04s__Candida_albicans,mpost,-0.049785584
115,05s__unknown_Saccharomycetales,mpost,-0.049785584
116,05s__unknown_Fungi,mpost,-0.049785584
117,06ASV_2_Candida_albicans,mpost,-0.006974792
118,07ASV_5_unknown_Saccharomycetales,mpost,-0.006974792
119,08ASV_4_unknown_Fungi,mpost,-0.006974792
120,09ASV_8_unknown_Fungi,mpost,-0.006974792
121,01g__Candida,mpre,4.116339903
122,02g__unknown_Saccharomycetales,mpre,-0.117766601
123,03g__unknown_Fungi,mpre,4.678023944
124,04s__Candida_albicans,mpre,-0.088527997
125,05s__unknown_Saccharomycetales,mpre,-0.088527997
126,05s__unknown_Fungi,mpre,4.707262549
127,06ASV_2_Candida_albicans,mpre,-0.01949619
128,07ASV_5_unknown_Saccharomycetales,mpre,-0.01949619
129,08ASV_4_unknown_Fungi,mpre,4.534380701
130,09ASV_8_unknown_Fungi,mpre,-0.01949619
131,01g__Candida,mpost,-0.048654173
132,02g__unknown_Saccharomycetales,mpost,-0.048654173
133,03g__unknown_Fungi,mpost,5.254650735
134,04s__Candida_albicans,mpost,-0.036574517
135,05s__unknown_Saccharomycetales,mpost,-0.036574517
136,05s__unknown_Fungi,mpost,5.266730391
137,06ASV_2_Candida_albicans,mpost,-0.018549984
138,07ASV_5_unknown_Saccharomycetales,mpost,-0.018549984
139,08ASV_4_unknown_Fungi,mpost,-0.018549984
140,09ASV_8_unknown_Fungi,mpost,-0.018549984
141,01g__Candida,mpre,-0.105917214
142,02g__unknown_Saccharomycetales,mpre,-0.105917214
143,03g__unknown_Fungi,mpre,4.898029092
144,04s__Candida_albicans,mpre,-0.079620526
145,05s__unknown_Saccharomycetales,mpre,-0.079620526
146,05s__unknown_Fungi,mpre,4.92432578
147,06ASV_2_Candida_albicans,mpre,-0.016964031
148,07ASV_5_unknown_Saccharomycetales,mpre,-0.016964031
149,08ASV_4_unknown_Fungi,mpre,4.795220324
150,09ASV_8_unknown_Fungi,mpre,-0.016964031
151,01g__Candida,mpost,3.971234356
152,02g__unknown_Saccharomycetales,mpost,3.867693677
153,03g__unknown_Fungi,mpost,4.254809646
154,04s__Candida_albicans,mpost,4.005903475
155,05s__unknown_Saccharomycetales,mpost,3.902362796
156,05s__unknown_Fungi,mpost,4.289478766
157,06ASV_2_Candida_albicans,mpost,4.096167868
158,07ASV_5_unknown_Saccharomycetales,mpost,3.992627189
159,08ASV_4_unknown_Fungi,mpost,-0.014705997
160,09ASV_8_unknown_Fungi,mpost,-0.014705997
161,01g__Candida,mpost,-0.113599204
162,02g__unknown_Saccharomycetales,mpost,4.929825913
163,03g__unknown_Fungi,mpost,0.985013085
164,04s__Candida_albicans,mpost,-0.085395264
165,05s__unknown_Saccharomycetales,mpost,4.958029853
166,05s__unknown_Fungi,mpost,1.013217025
167,06ASV_2_Candida_albicans,mpost,-0.011963588
168,07ASV_5_unknown_Saccharomycetales,mpost,5.031461529
169,08ASV_4_unknown_Fungi,mpost,-0.011963588
170,09ASV_8_unknown_Fungi,mpost,-0.011963588
171,01g__Candida,mpost,4.777356926
172,02g__unknown_Saccharomycetales,mpost,2.269977421
173,03g__unknown_Fungi,mpost,3.803907781
174,04s__Candida_albicans,mpost,4.733296171
175,05s__unknown_Saccharomycetales,mpost,2.287004357
176,05s__unknown_Fungi,mpost,3.820934717
177,06ASV_2_Candida_albicans,mpost,4.821499344
178,07ASV_5_unknown_Saccharomycetales,mpost,2.37520753
179,08ASV_4_unknown_Fungi,mpost,2.542261615
180,09ASV_8_unknown_Fungi,mpost,-0.022687743
181,01g__Candida,mpre,-0.066228529
182,02g__unknown_Saccharomycetales,mpre,-0.066228529
183,03g__unknown_Fungi,mpre,5.206771029
184,04s__Candida_albicans,mpre,-0.049785584
185,05s__unknown_Saccharomycetales,mpre,-0.049785584
186,05s__unknown_Fungi,mpre,5.223213974
187,06ASV_2_Candida_albicans,mpre,-0.010573361
188,07ASV_5_unknown_Saccharomycetales,mpre,-0.010573361
189,08ASV_4_unknown_Fungi,mpre,4.909407565
190,09ASV_8_unknown_Fungi,mpre,-0.010573361
191,01g__Candida,mpost,-0.126367984
192,02g__unknown_Saccharomycetales,mpost,4.10773852
193,03g__unknown_Fungi,mpost,3.169468882
194,04s__Candida_albicans,mpost,-0.094993864
195,05s__unknown_Saccharomycetales,mpost,4.139112641
196,05s__unknown_Fungi,mpost,3.200843002
197,06ASV_2_Candida_albicans,mpost,-0.014708411
198,07ASV_5_unknown_Saccharomycetales,mpost,4.219398093
199,08ASV_4_unknown_Fungi,mpost,3.120785805
200,09ASV_8_unknown_Fungi,mpost,-0.014708411
201,01g__Candida,mpre,2.114211646
202,02g__unknown_Saccharomycetales,mpre,1.526424981
203,03g__unknown_Fungi,mpre,5.158734084
204,04s__Candida_albicans,mpre,2.134821753
205,05s__unknown_Saccharomycetales,mpre,1.547035088
206,05s__unknown_Fungi,mpre,5.179344191
207,06ASV_2_Candida_albicans,mpre,2.180469058
208,07ASV_5_unknown_Saccharomycetales,mpre,1.592682393
209,08ASV_4_unknown_Fungi,mpre,5.026669597
210,09ASV_8_unknown_Fungi,mpre,-0.01675552
211,01g__Candida,mpost,-0.137167202
212,02g__unknown_Saccharomycetales,mpost,0.961445087
213,03g__unknown_Fungi,mpost,2.060057376
214,04s__Candida_albicans,mpost,-0.103111896
215,05s__unknown_Saccharomycetales,mpost,0.995500392
216,05s__unknown_Fungi,mpost,2.094112681
217,06ASV_2_Candida_albicans,mpost,-0.022625857
218,07ASV_5_unknown_Saccharomycetales,mpost,1.075986432
219,08ASV_4_unknown_Fungi,mpost,2.17459872
220,09ASV_8_unknown_Fungi,mpost,-0.022625857
221,01g__Candida,mpre,-0.048654173
222,02g__unknown_Saccharomycetales,mpre,-0.048654173
223,03g__unknown_Fungi,mpre,5.254650735
224,04s__Candida_albicans,mpre,-0.036574517
225,05s__unknown_Saccharomycetales,mpre,-0.036574517
226,05s__unknown_Fungi,mpre,5.266730391
227,06ASV_2_Candida_albicans,mpre,-0.022538224
228,07ASV_5_unknown_Saccharomycetales,mpre,-0.022538224
229,08ASV_4_unknown_Fungi,mpre,4.396302384
230,09ASV_8_unknown_Fungi,mpre,-0.022538224
231,01g__Candida,mpost,-0.09457663
232,02g__unknown_Saccharomycetales,mpost,4.50054322
233,03g__unknown_Fungi,mpost,4.520543887
234,04s__Candida_albicans,mpost,-0.071095536
235,05s__unknown_Saccharomycetales,mpost,4.524024315
236,05s__unknown_Fungi,mpost,4.544024981
237,06ASV_2_Candida_albicans,mpost,-0.011002381
238,07ASV_5_unknown_Saccharomycetales,mpost,4.584117469
239,08ASV_4_unknown_Fungi,mpost,4.584117469
240,09ASV_8_unknown_Fungi,mpost,-0.011002381
241,01g__Candida,mpost,-0.083947448
242,02g__unknown_Saccharomycetales,mpost,4.775864956
243,03g__unknown_Fungi,mpost,4.206511993
244,04s__Candida_albicans,mpost,-0.063105323
245,05s__unknown_Saccharomycetales,mpost,4.796707081
246,05s__unknown_Fungi,mpost,4.227354118
247,06ASV_2_Candida_albicans,mpost,-0.014484936
248,07ASV_5_unknown_Saccharomycetales,mpost,4.845327469
249,08ASV_4_unknown_Fungi,mpost,1.084127353
250,09ASV_8_unknown_Fungi,mpost,-0.014484936
251,01g__Candida,mpre,3.438568972
252,02g__unknown_Saccharomycetales,mpre,-0.116779089
253,03g__unknown_Fungi,mpre,4.913658832
254,04s__Candida_albicans,mpre,-0.08778566
255,05s__unknown_Saccharomycetales,mpre,-0.08778566
256,05s__unknown_Fungi,mpre,4.942652261
257,06ASV_2_Candida_albicans,mpre,-0.032241475
258,07ASV_5_unknown_Saccharomycetales,mpre,-0.032241475
259,08ASV_4_unknown_Fungi,mpre,4.337206377
260,09ASV_8_unknown_Fungi,mpre,-0.032241475
261,01g__Candida,mpost,-0.07842303
262,02g__unknown_Saccharomycetales,mpost,-0.07842303
263,03g__unknown_Fungi,mpost,5.173850398
264,04s__Candida_albicans,mpost,-0.058952485
265,05s__unknown_Saccharomycetales,mpost,-0.058952485
266,05s__unknown_Fungi,mpost,5.193320943
267,06ASV_2_Candida_albicans,mpost,-0.009793607
268,07ASV_5_unknown_Saccharomycetales,mpost,-0.009793607
269,08ASV_4_unknown_Fungi,mpost,1.599644305
270,09ASV_8_unknown_Fungi,mpost,-0.009793607
271,01g__Candida,mpre,-0.075624032
272,02g__unknown_Saccharomycetales,mpre,-0.075624032
273,03g__unknown_Fungi,mpre,5.122872999
274,04s__Candida_albicans,mpre,-0.05684841
275,05s__unknown_Saccharomycetales,mpre,-0.05684841
276,05s__unknown_Fungi,mpre,5.141648621
277,06ASV_2_Candida_albicans,mpre,-0.00796427
278,07ASV_5_unknown_Saccharomycetales,mpre,-0.00796427
279,08ASV_4_unknown_Fungi,mpre,5.190532761
280,09ASV_8_unknown_Fungi,mpre,-0.00796427
281,01g__Candida,mpost,-0.090786306
282,02g__unknown_Saccharomycetales,mpost,1.518651606
283,03g__unknown_Fungi,mpost,5.150960709
284,04s__Candida_albicans,mpost,-0.068246258
285,05s__unknown_Saccharomycetales,mpost,1.541191655
286,05s__unknown_Fungi,mpost,5.173500757
287,06ASV_2_Candida_albicans,mpost,-0.021644196
288,07ASV_5_unknown_Saccharomycetales,mpost,1.587793716
289,08ASV_4_unknown_Fungi,mpost,-0.021644196
290,09ASV_8_unknown_Fungi,mpost,-0.021644196
291,01g__Candida,mpre,-0.058641441
292,02g__unknown_Saccharomycetales,mpre,1.039970847
293,03g__unknown_Fungi,mpre,5.234663383
294,04s__Candida_albicans,mpre,-0.044082187
295,05s__unknown_Saccharomycetales,mpre,1.054530102
296,05s__unknown_Fungi,mpre,5.249222638
297,06ASV_2_Candida_albicans,mpre,-0.006175765
298,07ASV_5_unknown_Saccharomycetales,mpre,1.092436523
299,08ASV_4_unknown_Fungi,mpre,5.287129059
300,09ASV_8_unknown_Fungi,mpre,-0.006175765
301,01g__Candida,mpre,-0.048654173
302,02g__unknown_Saccharomycetales,mpre,-0.048654173
303,03g__unknown_Fungi,mpre,5.254650735
304,04s__Candida_albicans,mpre,-0.036574517
305,05s__unknown_Saccharomycetales,mpre,-0.036574517
306,05s__unknown_Fungi,mpre,5.266730391
307,06ASV_2_Candida_albicans,mpre,-0.011107279
308,07ASV_5_unknown_Saccharomycetales,mpre,-0.011107279
309,08ASV_4_unknown_Fungi,mpre,5.130556278
310,09ASV_8_unknown_Fungi,mpre,-0.011107279
311,01g__Candida,mpost,1.853556948
312,02g__unknown_Saccharomycetales,mpost,5.083796532
313,03g__unknown_Fungi,mpost,2.852085779
314,04s__Candida_albicans,mpost,1.876486019
315,05s__unknown_Saccharomycetales,mpost,5.106725602
316,05s__unknown_Fungi,mpost,2.875014849
317,06ASV_2_Candida_albicans,mpost,1.931397386
318,07ASV_5_unknown_Saccharomycetales,mpost,5.079237437
319,08ASV_4_unknown_Fungi,mpost,-0.014512763
320,09ASV_8_unknown_Fungi,mpost,-0.014512763
321,01g__Candida,mpre,-0.048654173
322,02g__unknown_Saccharomycetales,mpre,-0.048654173
323,03g__unknown_Fungi,mpre,5.254650735
324,04s__Candida_albicans,mpre,-0.036574517
325,05s__unknown_Saccharomycetales,mpre,-0.036574517
326,05s__unknown_Fungi,mpre,5.266730391
327,06ASV_2_Candida_albicans,mpre,-0.009726086
328,07ASV_5_unknown_Saccharomycetales,mpre,-0.009726086
329,08ASV_4_unknown_Fungi,mpre,5.166423647
330,09ASV_8_unknown_Fungi,mpre,-0.009726086
331,01g__Candida,mpost,-0.141055688
332,02g__unknown_Saccharomycetales,mpost,2.05616889
333,03g__unknown_Fungi,mpost,3.154781178
334,04s__Candida_albicans,mpost,-0.106034965
335,05s__unknown_Saccharomycetales,mpost,2.091189612
336,05s__unknown_Fungi,mpost,3.189801901
337,06ASV_2_Candida_albicans,mpost,-0.020189218
338,07ASV_5_unknown_Saccharomycetales,mpost,2.177035359
339,08ASV_4_unknown_Fungi,mpost,-0.020189218
340,09ASV_8_unknown_Fungi,mpost,-0.020189218
341,01g__Candida,mpre,-0.091582842
342,02g__unknown_Saccharomycetales,mpre,-0.091582842
343,03g__unknown_Fungi,mpre,5.128772983
344,04s__Candida_albicans,mpre,-0.068845033
345,05s__unknown_Saccharomycetales,mpre,-0.068845033
346,05s__unknown_Fungi,mpre,5.151510792
347,06ASV_2_Candida_albicans,mpre,-0.020941752
348,07ASV_5_unknown_Saccharomycetales,mpre,-0.020941752
349,08ASV_4_unknown_Fungi,mpre,4.854255571
350,09ASV_8_unknown_Fungi,mpre,-0.020941752
351,01g__Candida,mpost,-0.138539943
352,02g__unknown_Saccharomycetales,mpost,2.805899036
353,03g__unknown_Fungi,mpost,4.151919498
354,04s__Candida_albicans,mpost,-0.10414382
355,05s__unknown_Saccharomycetales,mpost,2.84029516
356,05s__unknown_Fungi,mpost,4.186315622
357,06ASV_2_Candida_albicans,mpost,-0.016658672
358,07ASV_5_unknown_Saccharomycetales,mpost,2.927780307
359,08ASV_4_unknown_Fungi,mpost,4.217447833
360,09ASV_8_unknown_Fungi,mpost,-0.016658672
361,01g__Candida,mpre,-0.07621296
362,02g__unknown_Saccharomycetales,mpre,-0.07621296
363,03g__unknown_Fungi,mpre,5.186477229
364,04s__Candida_albicans,mpre,-0.057291122
365,05s__unknown_Saccharomycetales,mpre,-0.057291122
366,05s__unknown_Fungi,mpre,5.205399067
367,06ASV_2_Candida_albicans,mpre,-0.010926957
368,07ASV_5_unknown_Saccharomycetales,mpre,-0.010926957
369,08ASV_4_unknown_Fungi,mpre,5.209428868
370,09ASV_8_unknown_Fungi,mpre,-0.010926957
371,01g__Candida,mpost,-0.076356697
372,02g__unknown_Saccharomycetales,mpost,5.111029108
373,03g__unknown_Fungi,mpost,3.059137518
374,04s__Candida_albicans,mpost,-0.057399173
375,05s__unknown_Saccharomycetales,mpost,5.129986633
376,05s__unknown_Fungi,mpost,3.078095043
377,06ASV_2_Candida_albicans,mpost,-0.01269293
378,07ASV_5_unknown_Saccharomycetales,mpost,5.174692875
379,08ASV_4_unknown_Fungi,mpost,1.085919358
380,09ASV_8_unknown_Fungi,mpost,-0.01269293
381,01g__Candida,mpre,-0.083115906
382,02g__unknown_Saccharomycetales,mpre,-0.083115906
383,03g__unknown_Fungi,mpre,4.027757958
384,04s__Candida_albicans,mpre,-0.062480233
385,05s__unknown_Saccharomycetales,mpre,-0.062480233
386,05s__unknown_Fungi,mpre,4.048393631
387,06ASV_2_Candida_albicans,mpre,-0.010533336
388,07ASV_5_unknown_Saccharomycetales,mpre,-0.010533336
389,08ASV_4_unknown_Fungi,mpre,3.996799849
390,09ASV_8_unknown_Fungi,mpre,-0.010533336
391,01g__Candida,mpost,-0.090652189
392,02g__unknown_Saccharomycetales,mpost,3.622919878
393,03g__unknown_Fungi,mpost,4.978252014
394,04s__Candida_albicans,mpost,-0.068145438
395,05s__unknown_Saccharomycetales,mpost,3.645426628
396,05s__unknown_Fungi,mpost,5.000758764
397,06ASV_2_Candida_albicans,mpost,-0.010596176
398,07ASV_5_unknown_Saccharomycetales,mpost,3.70297589
399,08ASV_4_unknown_Fungi,mpost,1.088016112
400,09ASV_8_unknown_Fungi,mpost,-0.010596176
401,01g__Candida,mpre,-0.07322064
402,02g__unknown_Saccharomycetales,mpre,1.536217272
403,03g__unknown_Fungi,mpre,5.199778919
404,04s__Candida_albicans,mpre,-0.055041722
405,05s__unknown_Saccharomycetales,mpre,1.55439619
406,05s__unknown_Fungi,mpre,5.217957836
407,06ASV_2_Candida_albicans,mpre,-0.00876266
408,07ASV_5_unknown_Saccharomycetales,mpre,1.600675253
409,08ASV_4_unknown_Fungi,mpre,5.253927529
410,09ASV_8_unknown_Fungi,mpre,-0.00876266
411,01g__Candida,mpost,-0.084384992
412,02g__unknown_Saccharomycetales,mpost,4.694738501
413,03g__unknown_Fungi,mpost,4.334455616
414,04s__Candida_albicans,mpost,-0.063434235
415,05s__unknown_Saccharomycetales,mpost,4.715689258
416,05s__unknown_Fungi,mpost,4.355406373
417,06ASV_2_Candida_albicans,mpost,-0.019710904
418,07ASV_5_unknown_Saccharomycetales,mpost,3.115783312
419,08ASV_4_unknown_Fungi,mpost,3.276125962
420,09ASV_8_unknown_Fungi,mpost,-0.019710904
421,01g__Candida,mpre,-0.119437628
422,02g__unknown_Saccharomycetales,mpre,-0.119437628
423,03g__unknown_Fungi,mpre,4.785837151
424,04s__Candida_albicans,mpre,-0.089784148
425,05s__unknown_Saccharomycetales,mpre,-0.089784148
426,05s__unknown_Fungi,mpre,4.815490631
427,06ASV_2_Candida_albicans,mpre,-0.016806465
428,07ASV_5_unknown_Saccharomycetales,mpre,-0.016806465
429,08ASV_4_unknown_Fungi,mpre,4.710581354
430,09ASV_8_unknown_Fungi,mpre,-0.016806465
431,01g__Candida,mpost,-0.093378664
432,02g__unknown_Saccharomycetales,mpost,4.081008606
433,03g__unknown_Fungi,mpost,1.005233625
434,04s__Candida_albicans,mpost,-0.070194995
435,05s__unknown_Saccharomycetales,mpost,4.104192274
436,05s__unknown_Fungi,mpost,1.028417293
437,06ASV_2_Candida_albicans,mpost,-0.009834081
438,07ASV_5_unknown_Saccharomycetales,mpost,4.164553188
439,08ASV_4_unknown_Fungi,mpost,-0.009834081
440,09ASV_8_unknown_Fungi,mpost,-0.009834081
441,01g__Candida,mpre,-0.089369383
442,02g__unknown_Saccharomycetales,mpre,-0.089369383
443,03g__unknown_Fungi,mpre,5.098016423
444,04s__Candida_albicans,mpre,-0.067181122
445,05s__unknown_Saccharomycetales,mpre,-0.067181122
446,05s__unknown_Fungi,mpre,5.120204684
447,06ASV_2_Candida_albicans,mpre,-0.01199538
448,07ASV_5_unknown_Saccharomycetales,mpre,-0.01199538
449,08ASV_4_unknown_Fungi,mpre,5.141296214
450,09ASV_8_unknown_Fungi,mpre,-0.01199538
451,01g__Candida,mpost,-0.07322064
452,02g__unknown_Saccharomycetales,mpost,1.025391649
453,03g__unknown_Fungi,mpost,5.199778919
454,04s__Candida_albicans,mpost,-0.055041722
455,05s__unknown_Saccharomycetales,mpost,1.043570566
456,05s__unknown_Fungi,mpost,5.217957836
457,06ASV_2_Candida_albicans,mpost,-0.011464064
458,07ASV_5_unknown_Saccharomycetales,mpost,1.087148225
459,08ASV_4_unknown_Fungi,mpost,4.679883818
460,09ASV_8_unknown_Fungi,mpost,-0.011464064
461,01g__Candida,mpre,2.836718483
462,02g__unknown_Saccharomycetales,mpre,-0.107720496
463,03g__unknown_Fungi,mpre,4.797554283
464,04s__Candida_albicans,mpre,2.863462882
465,05s__unknown_Saccharomycetales,mpre,-0.080976097
466,05s__unknown_Fungi,mpre,4.824298682
467,06ASV_2_Candida_albicans,mpre,-0.014507276
468,07ASV_5_unknown_Saccharomycetales,mpre,-0.014507276
469,08ASV_4_unknown_Fungi,mpre,4.845305128
470,09ASV_8_unknown_Fungi,mpre,-0.014507276
471,01g__Candida,mpost,-0.09522253
472,02g__unknown_Saccharomycetales,mpost,1.514215382
473,03g__unknown_Fungi,mpost,3.618349537
474,04s__Candida_albicans,mpost,-0.071581074
475,05s__unknown_Saccharomycetales,mpost,1.537856838
476,05s__unknown_Fungi,mpost,3.641990992
477,06ASV_2_Candida_albicans,mpost,-0.010028266
478,07ASV_5_unknown_Saccharomycetales,mpost,1.599409646
479,08ASV_4_unknown_Fungi,mpost,-0.010028266
480,09ASV_8_unknown_Fungi,mpost,-0.010028266
481,01g__Candida,mpre,-0.048654173
482,02g__unknown_Saccharomycetales,mpre,-0.048654173
483,03g__unknown_Fungi,mpre,5.254650735
484,04s__Candida_albicans,mpre,-0.036574517
485,05s__unknown_Saccharomycetales,mpre,-0.036574517
486,05s__unknown_Fungi,mpre,5.266730391
487,06ASV_2_Candida_albicans,mpre,-0.013457492
488,07ASV_5_unknown_Saccharomycetales,mpre,-0.013457492
489,08ASV_4_unknown_Fungi,mpre,4.814856245
490,09ASV_8_unknown_Fungi,mpre,-0.013457492
491,01g__Candida,mpre,-0.048654173
492,02g__unknown_Saccharomycetales,mpre,-0.048654173
493,03g__unknown_Fungi,mpre,5.254650735
494,04s__Candida_albicans,mpre,-0.036574517
495,05s__unknown_Saccharomycetales,mpre,-0.036574517
496,05s__unknown_Fungi,mpre,5.266730391
497,06ASV_2_Candida_albicans,mpre,-0.018879811
498,07ASV_5_unknown_Saccharomycetales,mpre,-0.018879811
499,08ASV_4_unknown_Fungi,mpre,4.871469318
500,09ASV_8_unknown_Fungi,mpre,-0.018879811
501,01g__Candida,mpost,-0.085601106
502,02g__unknown_Saccharomycetales,mpost,2.958921332
503,03g__unknown_Fungi,mpost,-0.085601106
504,04s__Candida_albicans,mpost,-0.064348417
505,05s__unknown_Saccharomycetales,mpost,2.98017402
506,05s__unknown_Fungi,mpost,-0.064348417
507,06ASV_2_Candida_albicans,mpost,-0.009014996
508,07ASV_5_unknown_Saccharomycetales,mpost,3.035507442
509,08ASV_4_unknown_Fungi,mpost,-0.009014996
510,09ASV_8_unknown_Fungi,mpost,-0.009014996
511,01g__Candida,mpre,-0.075624032
512,02g__unknown_Saccharomycetales,mpre,-0.075624032
513,03g__unknown_Fungi,mpre,5.122872999
514,04s__Candida_albicans,mpre,-0.05684841
515,05s__unknown_Saccharomycetales,mpre,-0.05684841
516,05s__unknown_Fungi,mpre,5.141648621
517,06ASV_2_Candida_albicans,mpre,-0.012947974
518,07ASV_5_unknown_Saccharomycetales,mpre,-0.012947974
519,08ASV_4_unknown_Fungi,mpre,4.963785768
520,09ASV_8_unknown_Fungi,mpre,-0.012947974
521,01g__Candida,mpost,-0.048654173
522,02g__unknown_Saccharomycetales,mpost,-0.048654173
523,03g__unknown_Fungi,mpost,5.254650735
524,04s__Candida_albicans,mpost,-0.036574517
525,05s__unknown_Saccharomycetales,mpost,-0.036574517
526,05s__unknown_Fungi,mpost,5.266730391
527,06ASV_2_Candida_albicans,mpost,-0.010460152
528,07ASV_5_unknown_Saccharomycetales,mpost,-0.010460152
529,08ASV_4_unknown_Fungi,mpost,5.199026001
530,09ASV_8_unknown_Fungi,mpost,-0.010460152
531,01g__Candida,np,-0.048654173
532,02g__unknown_Saccharomycetales,np,-0.048654173
533,03g__unknown_Fungi,np,5.254650735
534,04s__Candida_albicans,np,-0.036574517
535,05s__unknown_Saccharomycetales,np,-0.036574517
536,05s__unknown_Fungi,np,5.266730391
537,06ASV_2_Candida_albicans,np,-0.013048774
538,07ASV_5_unknown_Saccharomycetales,np,-0.013048774
539,08ASV_4_unknown_Fungi,np,-0.013048774
540,09ASV_8_unknown_Fungi,np,4.831138313
541,01g__Candida,np,1.510822923
542,02g__unknown_Saccharomycetales,np,-0.09861499
543,03g__unknown_Fungi,np,4.245190432
544,04s__Candida_albicans,np,1.535306644
545,05s__unknown_Saccharomycetales,np,-0.074131268
546,05s__unknown_Fungi,np,4.269674154
547,06ASV_2_Candida_albicans,np,1.588451625
548,07ASV_5_unknown_Saccharomycetales,np,-0.020986287
549,08ASV_4_unknown_Fungi,np,-0.020986287
550,09ASV_8_unknown_Fungi,np,3.023536151
551,01g__Candida,np,5.199778919
552,02g__unknown_Saccharomycetales,np,-0.07322064
553,03g__unknown_Fungi,np,-0.07322064
554,04s__Candida_albicans,np,5.217957836
555,05s__unknown_Saccharomycetales,np,-0.055041722
556,05s__unknown_Fungi,np,-0.055041722
557,06ASV_2_Candida_albicans,np,5.26472049
558,07ASV_5_unknown_Saccharomycetales,np,-0.008279069
559,08ASV_4_unknown_Fungi,np,-0.008279069
560,09ASV_8_unknown_Fungi,np,-0.008279069
561,01g__Candida,np,5.254650735
562,02g__unknown_Saccharomycetales,np,-0.048654173
563,03g__unknown_Fungi,np,-0.048654173
564,04s__Candida_albicans,np,5.266730391
565,05s__unknown_Saccharomycetales,np,-0.036574517
566,05s__unknown_Fungi,np,-0.036574517
567,06ASV_2_Candida_albicans,np,5.298180942
568,07ASV_5_unknown_Saccharomycetales,np,-0.005123966
569,08ASV_4_unknown_Fungi,np,-0.005123966
570,09ASV_8_unknown_Fungi,np,-0.005123966
571,01g__Candida,np,5.254650735
572,02g__unknown_Saccharomycetales,np,-0.048654173
573,03g__unknown_Fungi,np,-0.048654173
574,04s__Candida_albicans,np,5.266730391
575,05s__unknown_Saccharomycetales,np,-0.036574517
576,05s__unknown_Fungi,np,-0.036574517
577,06ASV_2_Candida_albicans,np,5.298180942
578,07ASV_5_unknown_Saccharomycetales,np,-0.005123966
579,08ASV_4_unknown_Fungi,np,-0.005123966
580,09ASV_8_unknown_Fungi,np,-0.005123966
581,01g__Candida,np,1.546202668
582,02g__unknown_Saccharomycetales,np,-0.063235244
583,03g__unknown_Fungi,np,5.219968484
584,04s__Candida_albicans,np,1.561902453
585,05s__unknown_Saccharomycetales,np,-0.04753546
586,05s__unknown_Fungi,np,5.235668269
587,06ASV_2_Candida_albicans,np,1.598977761
588,07ASV_5_unknown_Saccharomycetales,np,-0.010460152
589,08ASV_4_unknown_Fungi,np,-0.010460152
590,09ASV_8_unknown_Fungi,np,5.199026001
591,01g__Candida,np,1.022399329
592,02g__unknown_Saccharomycetales,np,-0.07621296
593,03g__unknown_Fungi,np,1.869697189
594,04s__Candida_albicans,np,1.041321167
595,05s__unknown_Saccharomycetales,np,-0.057291122
596,05s__unknown_Fungi,np,1.888619027
597,06ASV_2_Candida_albicans,np,1.090585996
598,07ASV_5_unknown_Saccharomycetales,np,-0.008026292
599,08ASV_4_unknown_Fungi,np,-0.008026292
600,09ASV_8_unknown_Fungi,np,1.937883857
601,01g__Candida,np,5.254650735
602,02g__unknown_Saccharomycetales,np,-0.048654173
603,03g__unknown_Fungi,np,-0.048654173
604,04s__Candida_albicans,np,5.266730391
605,05s__unknown_Saccharomycetales,np,-0.036574517
606,05s__unknown_Fungi,np,-0.036574517
607,06ASV_2_Candida_albicans,np,-0.005123966
608,07ASV_5_unknown_Saccharomycetales,np,-0.005123966
609,08ASV_4_unknown_Fungi,np,-0.005123966
610,09ASV_8_unknown_Fungi,np,-0.005123966
611,01g__Candida,np,-0.155489035
612,02g__unknown_Saccharomycetales,np,2.041735542
613,03g__unknown_Fungi,np,3.987645691
614,04s__Candida_albicans,np,-0.116884861
615,05s__unknown_Saccharomycetales,np,2.080339716
616,05s__unknown_Fungi,np,4.026249866
617,06ASV_2_Candida_albicans,np,-0.021183612
618,07ASV_5_unknown_Saccharomycetales,np,2.176040965
619,08ASV_4_unknown_Fungi,np,-0.021183612
620,09ASV_8_unknown_Fungi,np,3.346112218
621,01g__Candida,np,3.441536725
622,02g__unknown_Saccharomycetales,np,-0.113811336
623,03g__unknown_Fungi,np,4.418788157
624,04s__Candida_albicans,np,3.469793333
625,05s__unknown_Saccharomycetales,np,-0.085554729
626,05s__unknown_Fungi,np,4.447044764
627,06ASV_2_Candida_albicans,np,3.540720232
628,07ASV_5_unknown_Saccharomycetales,np,-0.014627829
629,08ASV_4_unknown_Fungi,np,-0.014627829
630,09ASV_8_unknown_Fungi,np,4.517971664
631,01g__Candida,np,3.36806658
632,02g__unknown_Saccharomycetales,np,0.911330807
633,03g__unknown_Fungi,np,3.30922608
634,04s__Candida_albicans,np,3.414564051
635,05s__unknown_Saccharomycetales,np,0.957828279
636,05s__unknown_Fungi,np,3.355723551
637,06ASV_2_Candida_albicans,np,3.532215006
638,07ASV_5_unknown_Saccharomycetales,np,1.075479233
639,08ASV_4_unknown_Fungi,np,-0.023133055
640,09ASV_8_unknown_Fungi,np,3.19574277
641,01g__Candida,np,2.273572218
642,02g__unknown_Saccharomycetales,np,-0.124323054
643,03g__unknown_Fungi,np,3.725824547
644,04s__Candida_albicans,np,2.304438632
645,05s__unknown_Saccharomycetales,np,-0.093456641
646,05s__unknown_Fungi,np,3.756690961
647,06ASV_2_Candida_albicans,np,2.384802313
648,07ASV_5_unknown_Saccharomycetales,np,-0.013092959
649,08ASV_4_unknown_Fungi,np,-0.013092959
650,09ASV_8_unknown_Fungi,np,3.837054642
651,01g__Candida,np,2.128784992
652,02g__unknown_Saccharomycetales,np,-0.068439585
653,03g__unknown_Fungi,np,5.194250604
654,04s__Candida_albicans,np,2.145776889
655,05s__unknown_Saccharomycetales,np,-0.051447688
656,05s__unknown_Fungi,np,5.211242501
657,06ASV_2_Candida_albicans,np,-0.019747387
658,07ASV_5_unknown_Saccharomycetales,np,-0.019747387
659,08ASV_4_unknown_Fungi,np,-0.019747387
660,09ASV_8_unknown_Fungi,np,4.870601741
661,01g__Candida,np,1.039970847
662,02g__unknown_Saccharomycetales,np,-0.058641441
663,03g__unknown_Fungi,np,5.234663383
664,04s__Candida_albicans,np,1.054530102
665,05s__unknown_Saccharomycetales,np,-0.044082187
666,05s__unknown_Fungi,np,5.249222638
667,06ASV_2_Candida_albicans,np,1.084454138
668,07ASV_5_unknown_Saccharomycetales,np,-0.014158151
669,08ASV_4_unknown_Fungi,np,-0.014158151
670,09ASV_8_unknown_Fungi,np,5.139133444
671,01g__Candida,np,-0.084550681
672,02g__unknown_Saccharomycetales,np,-0.084550681
673,03g__unknown_Fungi,np,4.404085689
674,04s__Candida_albicans,np,-0.063558788
675,05s__unknown_Saccharomycetales,np,-0.063558788
676,05s__unknown_Fungi,np,4.425077582
677,06ASV_2_Candida_albicans,np,-0.011464064
678,07ASV_5_unknown_Saccharomycetales,np,-0.011464064
679,08ASV_4_unknown_Fungi,np,-0.011464064
680,09ASV_8_unknown_Fungi,np,4.454444055
681,01g__Candida,np,0.946848437
682,02g__unknown_Saccharomycetales,np,-0.151763852
683,03g__unknown_Fungi,np,3.855569334
684,04s__Candida_albicans,np,0.984527738
685,05s__unknown_Saccharomycetales,np,-0.114084551
686,05s__unknown_Fungi,np,3.893248635
687,06ASV_2_Candida_albicans,np,1.082629429
688,07ASV_5_unknown_Saccharomycetales,np,-0.01598286
689,08ASV_4_unknown_Fungi,np,-0.01598286
690,09ASV_8_unknown_Fungi,np,3.991350325
691,01g__Candida,np,5.254650735
692,02g__unknown_Saccharomycetales,np,-0.048654173
693,03g__unknown_Fungi,np,-0.048654173
694,04s__Candida_albicans,np,5.266730391
695,05s__unknown_Saccharomycetales,np,-0.036574517
696,05s__unknown_Fungi,np,-0.036574517
697,06ASV_2_Candida_albicans,np,-0.005123966
698,07ASV_5_unknown_Saccharomycetales,np,-0.005123966
699,08ASV_4_unknown_Fungi,np,-0.005123966
700,09ASV_8_unknown_Fungi,np,-0.005123966
701,01g__Candida,np,5.254650735
702,02g__unknown_Saccharomycetales,np,-0.048654173
703,03g__unknown_Fungi,np,-0.048654173
704,04s__Candida_albicans,np,5.266730391
705,05s__unknown_Saccharomycetales,np,-0.036574517
706,05s__unknown_Fungi,np,-0.036574517
707,06ASV_2_Candida_albicans,np,5.184563447
708,07ASV_5_unknown_Saccharomycetales,np,-0.013933584
709,08ASV_4_unknown_Fungi,np,-0.013933584
710,09ASV_8_unknown_Fungi,np,-0.013933584
711,01g__Candida,np,5.254650735
712,02g__unknown_Saccharomycetales,np,-0.048654173
713,03g__unknown_Fungi,np,-0.048654173
714,04s__Candida_albicans,np,5.266730391
715,05s__unknown_Saccharomycetales,np,-0.036574517
716,05s__unknown_Fungi,np,-0.036574517
717,06ASV_2_Candida_albicans,np,5.298180942
718,07ASV_5_unknown_Saccharomycetales,np,-0.005123966
719,08ASV_4_unknown_Fungi,np,-0.005123966
720,09ASV_8_unknown_Fungi,np,-0.005123966
721,01g__Candida,np,1.859907917
722,02g__unknown_Saccharomycetales,np,2.111222345
723,03g__unknown_Fungi,np,5.145106384
724,04s__Candida_albicans,np,1.881260195
725,05s__unknown_Saccharomycetales,np,2.132574623
726,05s__unknown_Fungi,np,5.166458663
727,06ASV_2_Candida_albicans,np,1.924979201
728,07ASV_5_unknown_Saccharomycetales,np,2.17629363
729,08ASV_4_unknown_Fungi,np,4.373518207
730,09ASV_8_unknown_Fungi,np,-0.020930948
731,01g__Candida,np,1.006798413
732,02g__unknown_Saccharomycetales,np,3.800006423
733,03g__unknown_Fungi,np,4.925465961
734,04s__Candida_albicans,np,1.029593582
735,05s__unknown_Saccharomycetales,np,3.822801592
736,05s__unknown_Fungi,np,4.94826113
737,06ASV_2_Candida_albicans,np,-0.021435533
738,07ASV_5_unknown_Saccharomycetales,np,3.870384765
739,08ASV_4_unknown_Fungi,np,4.705952286
740,09ASV_8_unknown_Fungi,np,-0.021435533
741,01g__Candida,np,2.945996103
742,02g__unknown_Saccharomycetales,np,5.03137238
743,03g__unknown_Fungi,np,2.466423023
744,04s__Candida_albicans,np,2.970457814
745,05s__unknown_Saccharomycetales,np,5.055834091
746,05s__unknown_Fungi,np,2.490884733
747,06ASV_2_Candida_albicans,np,-0.012143836
748,07ASV_5_unknown_Saccharomycetales,np,5.117754879
749,08ASV_4_unknown_Fungi,np,-0.012143836
750,09ASV_8_unknown_Fungi,np,-0.012143836
751,01g__Candida,np,2.596183053
752,02g__unknown_Saccharomycetales,np,-0.111867148
753,03g__unknown_Fungi,np,5.029796408
754,04s__Candida_albicans,np,-0.084093236
755,05s__unknown_Saccharomycetales,np,-0.084093236
756,05s__unknown_Fungi,np,5.057570321
757,06ASV_2_Candida_albicans,np,-0.018512739
758,07ASV_5_unknown_Saccharomycetales,np,-0.018512739
759,08ASV_4_unknown_Fungi,np,-0.018512739
760,09ASV_8_unknown_Fungi,np,4.930247152
761,01g__Candida,np,-0.083794196
762,02g__unknown_Saccharomycetales,np,-0.083794196
763,03g__unknown_Fungi,np,5.15795282
764,04s__Candida_albicans,np,-0.062990119
765,05s__unknown_Saccharomycetales,np,-0.062990119
766,05s__unknown_Fungi,np,5.178756896
767,06ASV_2_Candida_albicans,np,-0.01809405
768,07ASV_5_unknown_Saccharomycetales,np,-0.01809405
769,08ASV_4_unknown_Fungi,np,-0.01809405
770,09ASV_8_unknown_Fungi,np,-0.01809405
